fund,code
AF AL,01-410002-13
AF FR,01-410006-13
AF PP,01-410004-13-1335
AF CP,01-410004-13-1332
RES-COLUCCI,03-410026-13-1307
RES-GELSON,03-410026-13-1317
SCH-BABBIO,03-410000-13-9040
SCH-DOLAN,03-410000-13-1396
SCH-Gelson,04-410000-13-9188
SCH-CROWE,04-410000-13-9038
SCH-GROESBECK,04-410000-13-9142
SCH-HENNESSY,04-410000-13-9065
SCH START-UP,04-410000-13-1304

SCH-MICHALIK,04-410000-13-9137


SCH-CLASS OF 1958,04-410000-13-9158
SCH-CLASS OF 1969,04-410000-13-9177
SCH-CLASS OF 1970,04-410000-13-9183
SCH-CLASS OF 1971,04-410000-13-9184
SCH-CLASS OF 1979,04-410000-13-9134

SCH-COLFORD, 04-410000-13-9071
SCH-LEGENDS,04-410000-13-9060
SCH-MARKEY,04-410000-13-9150
SCH-MERTZ,04-410000-13-9033
SCH-SULLIVAN TOM,04-410000-13-9064
SCH-NASIF,04-410000-13-9140
SCH-PODESTA,04-410000-13-9170
SCH-BOLLER,04-410000-13-9175
SCH-MORTENSON,04-410000-13-9057

RES-GIFTS,03-410026-13




RES-WAGNER,03-410026-13-1395

RES-HAGGERTY,03-410026-13-9173
RES-AZZARTO TRANS.,03-410026-13-1354
RES-DOLAN,03-410025-13-1396
FF-ENGLISH BUILDING,02-410000-13-1373

GG-Donations,01-410040-13-1370
EVNT-REUNION,01-405000-14-1415

RES-Tuition Support,03-410025-13
RES-SP. Res. Tuition,03-410025-13-1319
RES-Gifts Wrestling,03-410026-13-2408
GG-Fund-a-Scholar,01-410000-13-1370
03-410026-13-2277,03-410026-13-2277
Fashion-Show,01-405000-13-1303

RES-JHSCCA,03-410026-13

Res Other - Robotics, 03-410026-13-2209




